詞彙,漢語拼音,詞類
阿姨,āyí,N
哎,āi ,Ptc
唉,āi ,Ptc
愛,ài ,N
愛情,àiqíng ,N
愛惜,àixí ,Vst
愛心,àixīn ,N
安定,āndìng ,Vs
安排,ānpái ,N
安排,ānpái ,V
安心,ānxīn ,Vs
按,àn ,Prep
按照,ànzhào ,Prep
巴士,bāshì ,N
把,bǎ ,M
把握,băwò ,V
白,bái ,Adv
白,bái ,Vs
白(白),bái(bái),Adv
白菜,báicài ,N
白天,báitiān ,N
擺,băi ,V
百貨公司,băihuògōngsī,N
班機,bānjī ,N
搬家,bānjiā ,V-sep
辦,bàn ,V
辦理,bànlĭ,V
半天,bàntiān ,N
半夜,bànyè ,N
幫助,bāngzhù ,V
榜樣,băngyàng ,N
棒,bàng,Vs
包,bāo ,V
包含,bāohán ,Vst
寶貝,băobèi,N
寶貴,băoguì ,Vs
保護,băohù ,V
保守,băoshǒu ,Vs
保養,băoyăng ,V
保證/証,băozhèng ,N
保證/証,băozhèng ,V
抱,bào,V
抱怨,bàoyuàn ,V
報名,bàomíng ,V-sep
背包,bēibāo ,N
北方,běifāng ,N
被動,bèidòng ,Vs
背後,bèihòu ,N
背景,bèijĭng ,N
輩子,bèizi ,N
本,běn ,Det
本人,běnrén ,N
本子,běnzi,N
笨,bèn ,Vs
逼,bī ,V
筆,bĭ,M
比,bǐ ,V
比如(說),bǐrú(shuō),Prep
畢竟,bìjìng ,Adv
避免,bìmiăn ,V
必要,bìyào ,Vs
鞭炮,biānpào ,N
變,biàn ,Vp
變成,biànchéng ,Vpt
變更,biàngēng ,V
變化,biànhuà ,N
變化,biànhuà ,Vs
便條,biàntiáo ,N
標準,biāozhŭn ,N
標準,biāozhŭn ,Vs
表,biǎo ,N
表,biǎo ,N
表達,biăodá ,V
表面,biăomiàn ,N
表示,biăoshì ,V
表現,biǎoxiàn ,N
表現,biǎoxiàn ,V
表演,biǎoyǎn ,V
別的,biéde,Det
冰,bīng ,N
冰塊/冰塊兒,bīngkuài/bīngkuàir,N
餅,bǐng ,N
病,bìng ,Vp
伯伯,bóbo ,N
博士,bóshì ,N
播,bò ,V
不必,búbì ,Vaux
不斷,búduàn ,Adv
不斷,búduàn ,Vs
不過,búguò ,Adv
不過,búguò ,Conj
不見(了),bújiàn(le),Vp
不論,búlùn ,Conj
不幸,búxìng ,Vs
不用說,búyòngshuō ,Conj
不得不,bùdébù ,Adv
不得了,bùdéliăo ,Vs
不管,bùguǎn ,Conj
不滿,bùmăn ,Vs
不如,bùrú ,Vst
不少,bùshǎo ,Det
不少,bùshǎo ,Vs
不足,bùzú ,Vs
部,bù ,M
部分/份,bùfèn,Det
部分/份,bùfèn,N
部門,bùmén ,N
布,bù ,N
布/佈置,bùzhì ,V
擦,cā,V
猜,cāi,V
材料,cáiliào ,N
採用,căiyòng ,V
餐,cān,M
餐桌,cānzhuō,N
參考,cānkăo ,V
草地,cǎodì,N
草原,cǎoyuán ,N
層,céng ,M
曾,céng ,Adv
曾經,céngjīng ,Adv
差別,chābié ,N
差異,chāyì ,N
查,chá ,V
差(一)點/差(一)點兒,chà(yì)diăn/chà(yì)diănr,Adv
產品,chǎnpǐn ,N
產生,chănshēng ,Vpt
常,cháng,Adv
嘗/嚐試,chángshì ,V
場,chǎng ,M
超過,chāoguò ,Vpt
超級,chāojí ,Vs-attr
炒,chăo ,V
吵,chăo,V
吵架,chăojià ,V-sep
車禍,chēhuò ,N
趁,chèn ,Prep
成,chéng ,Vpt
成果,chéngguǒ ,N
成就,chéngjiù ,N
成熟,chéngshú,Vs
成長,chéngzhăng ,Vs
程度,chéngdù ,N
承認,chéngrèn ,V
誠實,chéngshí ,Vs
吃喝玩樂,chīhēwánlè ,Vi
尺,chǐ ,M
充實,chōngshí ,Vs
重新,chóngxīn ,Adv
蟲(子),chóng(zi),N
抽,chōu ,V
醜,chŏu,Vs
臭,chòu ,Vs
初,chū ,N
出版,chūbăn ,V
出差,chūchāi ,V-sep
出門,chūmén ,V-sep
出租,chūzū ,V
除了,chúle ,Prep
除夕,chúxì ,N
廚師,chúshī ,N
處理,chŭlĭ,V
傳統,chuántŏng ,Vs
串,chuàn ,M
創造,chuàngzào ,V
吹,chuī,V
春節,chūnjié ,N
詞,cí ,N
此,cĭ,Det
刺激,cìjī ,N
刺激,cìjī ,Vs
從不,cóngbù ,Adv
從來,cónglái ,Adv
從小,cóngxiăo ,Adv
醋,cù ,N
存,cún ,V
存在,cúnzài ,Vi
寸,cùn ,M
錯,cuò ,N
錯誤,cuòwù ,N
挫折,cuòzhé ,N
答應,dāyìng ,V
達成,dáchéng ,Vpt
打工,dăgōng ,V-sep
打架,dăjià ,V-sep
打聽,dătīng ,V
打仗,dăzhàng ,V-sep
打折,dăzhé ,V-sep
大大,dàdà ,Adv
大多數,dàduōshù ,Det
大方,dàfāng ,Vs
大概,dàgài ,Adv
大會,dàhuì ,N
大陸,dàlù ,N
大門,dàmén ,N
大小,dàxiăo ,N
大約,dàyuē ,Adv
袋,dài ,M
代表,dàibiǎo ,N
代表,dàibiǎo ,V
代替,dàitì ,V
帶來,dàilái ,V
帶領,dàilĭng ,V
單純,dānchún ,Vs
單身,dānshēn ,Vs
擔任,dānrèn ,V
但,dàn ,Conj
淡,dàn ,Vs
當,dāng ,Vst
當場,dāngchăng ,Adv
當地,dāngdì ,N
當面,dāngmiàn ,Adv
當年,dāngnián ,N
當天,dāngtiān ,N
當中,dāngzhōng ,N
當作,dāngzuò ,Vst
當做,dāngzuò ,Vst
倒,dǎo ,Adv
島,dăo ,N
導演,dăoyăn ,N
到,dào,Conj
到,dào,Prep
到處,dàochù ,Adv
到底,dàodĭ,Adv
到底,dàodǐ ,Vs-pred
道德,dàodé ,N
道教,Dàojiào,N
道理,dàolǐ ,N
道歉,dàoqiàn ,V-sep
倒,dào ,V
倒是,dàoshì ,Adv
得,dé ,Vaux
得到,dédào ,Vpt
得意,déyì ,Vs
得很,dehěn ,
的話,dehuà ,
得,děi,Vpt
燈光,dēngguāng ,N
等,děng ,V
等/等等,děng/děngděng,Ptc
等待,děngdài ,V
低,dī,Vs
敵人,dírén ,N
底,dǐ ,N
底下,dǐxià ,N
抵達,dĭdá ,V
地,dì ,Ptc
地板,dìbăn ,N
地帶,dìdài ,N
地點,dìdiăn ,N
地理,dìlĭ ,N
地區,dìqū ,N
地攤,dìtān ,N
地位,dìwèi ,N
地下,dìxià ,N
地形,dìxíng ,N
點,diăn,M
點,diăn,N
點,diǎn ,V
點/點兒,diǎn/diǎnr,
電,diàn ,N
電車,diànchē ,N
電池,diànchí ,N
電燈,diàndēng,N
店員,diànyuán ,N
調查,diàochá ,V
訂,dìng ,V
丟,diū ,Vpt
東北,dōngběi ,N
東方,dōngfāng ,N
東南,dōngnán ,N
懂事,dǒngshì ,Vs
逗,dòu ,V
豆腐,dòufŭ ,N
豆漿,dòujiāng ,N
都市,dūshì ,N
毒品,dúpǐn ,N
獨特,dútè ,Vs
讀者,dúzhě ,N
段,duàn ,M
堆,duī ,M
對,duì ,M
對,duì ,Prep
對,duì ,V
對不起,duìbùqǐ,
對方,duìfāng ,N
對話,duìhuà ,N
對了,duìle,
對象,duìxiàng ,N
多多少少,duōduōshăoshăo ,Adv
多麼,duóme ,Adv
朵,duǒ,M
頓,dùn ,M
嗯,ēn ,Ptc
而,ér ,Conj
兒童,értóng ,N
發,fā,V
發表,fābiăo ,V
發財,fācái ,Vp-sep
發出,fāchū ,Vpt
發達,fādá ,Vs
發揮,fāhuī ,V
發覺,fājué ,Vpt
發明,fāmíng ,N
發明,fāmíng ,Vpt
發脾氣,fāpíqì ,Vi
發票,fāpiào ,N
法律,fălǜ,N
翻,fān ,V
翻譯,fānyì ,V
煩惱,fánnăo ,Vs
反而,fănér ,Conj
反應,fănyìng ,N
犯,fàn ,Vst
範圍,fànwéi ,N
方面,fāngmiàn ,N
方式,fāngshì ,N
房東,fángdōng ,N
房客,fángkè ,N
房屋,fángwū ,N
訪問,fǎngwèn ,V
放心,fàngxīn ,Vs-sep
非,fēi ,Adv
非,fēi ,Vst
飛,fēi ,Vi
費用,fèiyòng ,N
分開,fēnkāi ,Vp
份,fèn ,M
封,fēng,M
豐富,fēngfù ,Vs
風格,fēnggé ,N
風俗,fēngsú ,N
佛教,Fójiào,N
否則,fŏuzé ,Conj
夫婦,fūfù ,N
符合,fúhé ,Vs
福利,fúlì ,N
服裝,fúzhuāng ,N
腐敗,fŭbài ,Vs
付出,fùchū ,Vpt
負擔,fùdān ,N
負擔,fùdān ,V
負責,fùzé ,Vs
複習,fùxí ,V
該,gāi ,Vaux
改,gǎi ,V
改變,gǎibiàn ,N
改變,gǎibiàn ,V
改進,găijìn ,V
改善,găishàn ,V
改天,găitiān ,Adv
蓋,gài ,V
概念,gàiniàn ,N
敢,gǎn ,Vaux
趕,găn ,V
趕快,gǎnkuài ,Adv
趕上,gănshàng ,Vpt
感動,găndòng ,Vs
感想,gănxiăng ,N
感興趣,gănxìngqù ,Vs
剛,gāng ,Adv
高速,gāosù ,Vs-attr
高中,gāozhōng ,N
搞,găo ,V
歌曲,gēqŭ  ,N
歌星,gēxīng ,N
隔壁,gébì ,N
革命,gémìng ,Vi
個人,gèrén ,N
個子,gèzi ,N
各式各樣,gèshìgèyàng ,Vs-attr
各位,gèwèi ,N
個,ge,Ptc
給,gěi,Prep
跟,gēn ,Prep
跟,gēn ,V
根,gēn ,M
根,gēn ,N
根據,gēnjù ,Prep
更加,gèngjiā ,Adv
公尺,gōngchǐ ,M
公分,gōngfēn ,M
公共,gōnggòng ,Vs-attr
公克,gōngkè ,M
公路,gōnglù ,N
功夫,gōngfu ,N
功能,gōngnéng ,N
工具,gōngjù ,N
工業,gōngyè ,N
工作,gōngzuò,Vi
恭喜,gōngxǐ,V
共,gòng ,Adv
共同,gòngtóng ,Vs-attr
貢獻,gòngxiàn ,N
貢獻,gòngxiàn ,V
溝通,gōutōng ,V
夠,gòu ,Adv
夠,gòu ,Vs-pred
購買,gòumăi ,V
姑娘,gūniáng ,N
古,gŭ ,Vs-attr
古代,gŭdài ,N
古蹟,gŭjī ,N
古老,gŭlăo ,Vs
顧,gù ,V
故意,gùyì ,Vs
刮,guā ,V
乖,guāi,Vs
怪,guài ,V
怪,guài ,Vs
關,guān ,Vp
觀察,guānchá ,V
觀點,guāndiăn ,N
觀念,guānniàn ,N
觀眾,guānzhòng ,N
管,guăn ,V
罐,guàn ,M
廣播,guǎngbò ,N
廣播,guǎngbò ,Vi
廣場,guăngchăng ,N
廣告,guănggào ,N
逛,guàng ,V
逛街,guàngjiē ,V-sep
規矩,guījŭ ,N
規模,guīmó ,N
鬼,guǐ ,N
貴姓,guìxìng,
櫃子,guìzi ,N
國內,guónèi ,N
國外,guówài ,N
國王,guówáng ,N
國語,guóyŭ ,N
過,guò,V
過去,guòqù,N
過日子,guòrìzi ,Vi
嗨,hāi ,Ptc
還,hái ,Adv
還好,háihăo  ,Adv
還是,háishì ,Adv
還要,háiyào  ,Adv
海報,hăibào  ,N
海灘,hăitān  ,N
海洋,hǎiyáng ,N
害,hài ,V
害怕,hàipà,Vs
行,háng ,M
航空,hángkōng ,N
好,hăo ,Vs
好處,hǎochù ,N
好好/好好兒,hǎohǎo/hǎohǎor,Adv
好幾,hǎojǐ ,Det
好了,hǎole ,Ptc
好些,hǎoxiē ,Det
和,hé ,Prep
盒,hé ,M
合,hé ,Vs
合唱,héchàng ,V
合作,hézuò ,Vs
黑,hēi,Vs
恨,hèn ,Vst
恨不得,hènbùdé ,Vst
紅,hóng,Vs
紅包,hóngbāo,N
紅豆,hóngdòu ,N
厚,hòu ,Vs
後,hòu ,Det
後,hòu ,N
忽然,hūrán ,Adv
糊塗,hútú ,Vs
互相,hùxiāng ,Adv
花,huā ,V
花心,huāxīn,Vs
滑雪,huáxuě,V-sep
畫家,huàjiā,N
話說回來,huàshuōhuílái ,
話題,huàtí ,N
化妝品,huàzhuāngpĭn ,N
壞處,huàichù ,N
還,huán,V
環保,huánbăo ,N
黃,huáng,Vs
回,huí ,M
回答,huídá ,N
回想,huíxiăng ,V
會,huì ,N
會場,huìchăng ,N
會話,huìhuà ,N
會議,huìyì ,N
婚禮,hūnlǐ ,N
婚姻,hūnyīn ,N
混亂,hùnluàn ,Vs
活,huó ,Vs-attr
活動,huódòng ,Vi
或許,huòxŭ ,Adv
基本,jīběn ,N
基本,jīběn ,Vs
基礎,jīchŭ  ,N
基督教,Jīdūjiào,N
激動,jīdòng ,Vs
激烈,jīliè  ,Vs
積極,jījí  ,Vs
機器,jīqì,N
及,jí ,Conj
急,jí ,Vs
極,jí ,Adv
極了,jíle ,
擠,jǐ ,V
擠,jǐ ,Vs
既,jì ,Conj
記,jì ,Vst
記錄,jìlù ,N
記錄,jìlù  ,V
記憶,jìyì ,N
季節,jìjié ,N
紀念,jìniàn  ,N
紀念,jìniàn  ,Vst
技巧,jìqiăo  ,N
繼續,jìxù ,V
加,jiā,V
加強,jiāqiáng ,V
加入,jiārù ,Vpt
加上,jiāshàng ,V
加油,jiāyóu ,Vi
家,jiā ,M
家鄉,jiāxiāng ,N
家長,jiāzhăng ,N
假,jiă ,Vs
假如,jiărú ,Conj
假裝,jiăzhuāng ,V
架,jià ,M
假日,jiàrì ,N
價值,jiàzhí ,N
肩膀,jiānbăng ,N
堅持,jiānchí ,Vs
堅強,jiānqiáng ,Vs
減,jiăn ,Vst
減輕,jiănqīng ,Vpt
減少,jiănshăo ,Vpt
簡直,jiănzhí ,Adv
見,jiàn ,Vpt
建立,jiànlì ,V
建設,jiànshè ,N
建設,jiànshè ,V
建議,jiànyì ,N
建議,jiànyì ,V
將來,jiānglái ,N
講價,jiăngjià ,Vi
講究,jiăngjiù ,Vs
獎學金,jiăngxuéjīn ,N
降低,jiàngdī ,Vpt
醬油,jiàngyóu ,N
交,jiāo ,V
交流,jiāoliú ,Vi
交友,jiāoyǒu ,Vi
驕傲,jiāoào ,Vs
郊區,jiāoqū ,N
角度,jiăodù ,N
角/角色,jiăo/juésè,N
叫,jiào ,V
叫,jiào ,Vst
較,jiào ,Adv
教,jiào ,Vst
教材,jiàocái ,N
教導,jiàodăo ,V
教法,jiàofă ,N
教練,jiàoliàn ,N
教授,jiàoshòu ,N
教訓,jiàoxùn ,N
教育,jiàoyù ,N
教育,jiàoyù ,V
接觸,jiēchù ,V
接受,jiēshòu ,V
接著,jiēzhe ,Adv
結,jié ,V
結果,jiéguǒ ,Conj
結局,jiéjú ,N
節,jié ,M
節日,jiérì ,N
解決,jiějué,V
解釋,jiěshì ,V
姊妹,jiěmèi ,N
斤,jīn,M
金(子),jīn(zi),N
緊,jǐn ,Vs
僅,jĭn ,Adv
儘管,jĭnguăn ,Conj
盡,jìn ,Vst
進,jìn ,V
進行,jìnxíng ,V
進一步,jìnyíbù  ,Adv
經,jīng ,V
經費,jīngfèi ,N
經過,jīngguò ,N
經過,jīngguò  ,Vst
經驗,jīngyàn ,Vpt
精神,jīngshén ,N
驚訝,jīngyà  ,Vs
酒吧,jiŭbā ,N
救,jiù ,V
舅舅,jiùjiu ,N
舅媽,jiùmā,N
就,jiù ,Prep
就是,jiùshì ,Conj
就算,jiùsuàn ,Conj
就要,jiùyào,Adv
居住,jūzhù ,Vi
橘子,júzi ,N
舉,jǔ ,V
舉辦,jŭbàn ,V
舉手,jŭshŏu,V-sep
舉行,jǔxíng ,V
句,jù ,M
聚,jù ,Vi
劇本,jùběn ,N
劇情,jùqíng ,N
拒絕,jùjué ,V
距離,jùlí ,N
具有,jùyŏu ,Vst
絕對,juéduì ,Adv
軍隊,jūnduì ,N
軍人,jūnrén ,N
卡車,kǎchē ,N
開放,kāifàng ,V
開花,kāihuā ,Vp-sep
開朗,kāilăng ,Vs
開始,kāishǐ ,N
開玩笑,kāiwánxiào ,V-sep
看不起,kànbùqĭ,Vst
看法,kànfǎ ,N
看起來,kànqĭlái,Adv
考,kǎo ,V
棵,kē,M
刻,kē ,M
科,kē ,M
科技,kējì ,N
科學,kēxué ,Vs
可,kě ,Adv
可,kě ,Vaux
可靠,kěkào ,Vs
可樂,kělè,N
可惡,kěwù ,Vs
可惜,kěxí ,Vs
可以,kěyǐ ,Vaux
渴望,kěwàng ,Vst
克,kè ,M
克服,kèfú ,Vpt
課程,kèchéng ,N
課堂,kètáng ,N
課文,kèwén,N
客滿,kèmăn ,Vp
刻,kè ,V
肯,kěn ,Vaux
肯定,kěndìng ,Vs
空,kōng ,Vs
空間,kōngjiān ,N
空軍,kōngjūn ,N
恐怕,kǒngpà ,Adv
空,kòng ,Vs
口,kǒu ,N
口袋,kǒudài ,N
口味,kŏuwèi  ,N
誇張,kuāzhāng ,Vs
快,kuài,Adv
快要,kuàiyào ,Adv
寬,kuān ,Vs
況且,kuàngqiě ,Conj
困難,kùnnán ,N
困難,kùnnán ,Vs
擴大,kuòdà ,V
拉肚子,lādùzi ,V-sep
啦,la,Ptc
來,lái ,Adv
來,lái ,Ptc
來不及,láibùjí ,Vs
來得及,láidejí  ,Vs
藍,lán ,Vs
浪漫,làngmàn ,Vs
老公,lăogōng ,N
老虎,lăohŭ ,N
老婆,lăopó ,N
老實,lăoshí ,Vs
老是,lăoshì ,Adv
樂,lè ,Vs
樂觀,lèguān ,Vs
樂趣,lèqù ,N
垃圾,lèsè ,N
淚,lèi ,N
類,lèi ,M
冷淡,lěngdàn ,Vs
離,lí ,Prep
離婚,líhūn ,Vp-sep
里,lǐ ,M
裡/裏,lĭ/lĭ,N
裡邊,lĭbiān,N
理解,lĭjiě ,Vst
理論,lĭlùn ,N
理想,lĭxiăng ,N
理想,lĭxiăng ,Vs
裏面,lǐmiàn,N
禮堂,lĭtáng ,N
力,lì ,N
力量,lìlìàng,N
厲害,lìhài ,Vs
立刻,lìkè ,Adv
例如,lìrú ,Prep
例子,lìzi ,N
利益,lìyì ,N
利用,lìyòng ,V
連,lián ,Conj
連,lián ,Vst
連/聯絡,liánluò ,V
連續劇,liánxùjù ,N
練,liàn ,V
戀愛,liànài ,Vp
涼,liáng,Vs
良好,liánghăo ,Vs
亮,liàng,Vs
聊,liáo ,V
了不起,liăobùqĭ,Vs
靈魂,línghún ,N
零錢,língqián ,N
零用錢,língyòngqián ,N
領,lǐng ,V
領導,lĭngdăo ,V
領域,lĭngyù ,N
令,lìng ,Vst
流,liú ,V
流汗,liúhàn ,V-sep
流血,liúxiě ,V-sep
留學,liúxué ,Vi
留學生,liúxuéshēng ,N
龍,lóng ,N
錄,lù ,V
錄取,lùqŭ  ,V
錄音,lùyīn ,V-sep
露營,lùyíng  ,V-sep
亂,luàn,Vs
輪胎,lúntāi ,N
旅客,lǚkè ,N
綠,lǜ,Vs
律師,lǜshī ,N
麻煩,máfán,Vs
馬桶,mătŏng ,N
碼頭,mătou ,N
螞蟻,măyĭ,N
罵,mà ,V
嘛,ma ,Ptc
滿,măn ,Det
滿,măn ,Vs
滿足,mănzú  ,Vs
慢慢,mànmàn,
慢跑,mànpăo ,Vi
慢用,mànyòng ,Vi
毛,máo ,N
毛病,máobìng ,N
貿易,màoyì ,N
沒,méi,Ptc
沒,méi,Vp
沒什麼,méishénme ,Vs
沒想到,méixiăngdào ,
玫瑰(ㄍㄨㄟ˙),méigui ,N
每,měi ,Adv
美好,měihăo ,Vs
門,mén ,M
夢,mèng ,N
迷路,mílù ,Vp-sep
迷人,mírén ,Vs
米飯,mǐfàn ,N
米粉,mĭfěn ,N
秘/祕密,mìmì ,N
密切,mìqiè ,Vs
免費,miănfèi ,Vs
面,miàn ,M
面,miàn ,N
面積,miànjī ,N
面前,miànqián ,N
麵條,miàntiáo ,N
描寫,miáoxiě ,V
秒,miǎo ,M
廟,miào ,N
民國,mínguó ,N
民族,mínzú ,N
名,míng ,M
名詞,míngcí ,N
明白,míngbái ,Vpt
明顯,míngxiăn ,Vs
明星,míngxīng ,N
命,mìng ,N
摸,mō ,V
摩托車/機車,mótuōchē/jīchē,N
陌生,mòshēng ,Vs
某,mŏu,Det
木,mù ,N
木頭,mùtou,N
目的,mùdì ,N
目前,mùqián ,N
拿手,náshŏu ,Vs
哪裡/哪兒,nǎlǐ/nǎr,N
哪些,nǎxiē ,Det
那,nà,Conj
那裡,nàlǐ,N
那麼,nàme,Conj
那樣,nàyàng,Adv
那樣,nàyàng,Vs
哪,na,Ptc
奶,nǎi ,N
奶茶,nǎichá ,N
耐心,nàixīn ,N
南方,nánfāng ,N
難怪,nánguài ,Adv
難看,nánkàn ,Vs
腦,năo ,N
腦子,năozi ,N
鬧鐘,nàozhōng ,N
內,nèi ,N
內容,nèiróng ,N
能,néng ,Vaux
能夠,nénggòu ,Vaux
能力,nénglì ,N
年,nián ,N
年代,niándài ,N
年齡,niánlíng ,N
年年,niánnián ,Adv
念書,niànshū ,V-sep
農業,nóngyè  ,N
女士,nǚshì ,N
喔,ō ,Ptc
哦,ó ,Ptc
噢,òu ,Ptc
拍,pāi ,V
排,pái ,V
牌子,páizi ,N
盼望,pànwàng ,Vst
旁,páng ,N
陪,péi ,V
培養,péiyăng ,V
配,pèi ,V
配合,pèihé ,V
碰,pèng ,V
碰到,pèngdào ,Vpt
碰上,pèngshàng ,Vpt
批評,pīpíng ,V
皮,pí ,N
皮帶,pídài ,N
皮膚,pífū ,N
皮鞋,píxié ,N
篇,piān ,M
騙子,piànzi ,N
品質,pĭnzhí ,N
坪,píng ,M
平,píng ,Vs
平安,píngān ,Vs
平等,píngděng ,Vs
平時,píngshí ,N
平原,píngyuán ,N
瓶子,píngzi,N
破,pò,Vp
破壞,pòhuài ,V
葡萄,pútáo ,N
普遍,pŭbiàn ,Vs
欺負,qīfù ,V
其次,qícì ,Conj
其實,qíshí ,Adv
其中,qízhōng ,Det
期,qí,M
期間,qíjiān ,N
起,qĭ,N
起,qĭ,V
起,qĭ,Ptc
起來,qĭlái ,Ptc
氣,qì ,N
氣,qì ,Vst
氣溫,qìwēn ,N
汽水,qìshuǐ,N
企業,qìyè ,N
簽名,qiānmíng ,V-sep
簽證,qiānzhèng ,N
謙虛,qiānxū ,Vs
前,qián ,Det
前,qián ,N
前年,qiánnián ,N
淺,qiǎn ,Vs
強盜,qiángdào ,N
強調,qiángdiào ,V
搶,qiǎng ,V
親,qīn,V
親切,qīnqiè,Vs
親手,qīnshŏu  ,Adv
親眼,qīnyăn ,Adv
親自,qīnzì ,Adv
清,qīng ,Vs-pred
青年,qīngnián ,N
青少年,qīngshàonián  ,N
輕鬆,qīngsōng  ,Vs
晴,qíng ,Vs-pred
情,qíng ,N
情人,qíngrén  ,N
情況,qíngkuàng ,N
情形,qíngxíng ,N
請教,qĭngjiào ,V
請求,qĭngqiú ,V
窮,qióng ,Vs
求,qiú ,V
球,qiú,N
球場,qiúchăng ,N
球賽,qiúsài ,N
球員,qiúyuán ,N
取代,qŭdài ,V
去,qù ,Adv
去,qù ,Ptc
去世,qùshì ,Vp
全,quán ,Det
全球,quánqiú ,N
全身,quánshēn ,N
缺點,quēdiăn ,N
卻,què ,Adv
確定,quèdìng ,Vs
確認,quèrèn ,V
讓,ràng,V
熱狗,règŏu,N
熱水,rèshuǐ ,N
人家,rénjiā ,N
人間,rénjiān ,N
人口,rénkǒu ,N
人類,rénlèi ,N
人們,rénmen ,N
人民,rénmín ,N
人人,rénrén ,N
人數,rénshù ,N
人物,rénwù ,N
忍,rěn ,Vs
忍耐,rěnnài ,Vst
認,rèn ,V
認得,rèndé ,Vst
任務,rènwù ,N
扔,rēng ,Vpt
仍,réng ,Adv
仍然,réngrán ,Adv
日出,rìchū ,Vi
日記,rìjì ,N
日子,rìzi,N
如,rú ,Conj
如此,rúcǐ ,Vs
如下,rúxià ,Vs
如意,rúyì ,Vs
弱,ruò ,Vs
傘,sǎn,N
殺,shā ,V
曬,shài ,V
山區,shānqū ,N
傷害,shānghài ,V
商品,shāngpĭn ,N
商人,shāngrén ,N
商業,shāngyè ,N
上,shàng ,Det
上,shàng ,N
上當,shàngdàng ,Vp
上帝,shàngdì ,N
上街,shàngjiē ,Vi
上衣,shàngyī ,N
燒,shāo ,V
少,shǎo ,Adv
蛇,shé ,N
設備,shèbèi ,N
設計,shèjì ,N
設計,shèjì ,V
深,shēn ,Vs
深入,shēnrù ,Vs
身邊,shēnbiān ,N
身高,shēngāo ,N
身上,shēnshàng ,N
甚至,shènzhì ,Adv
甚至,shènzhì ,Adv
升,shēng ,V
聲,shēng ,M
聲調,shēngdiào ,N
生,shēng ,V
生產,shēngchăn ,V
生動,shēngdòng ,Vs
生活,shēnghuó,Vi
生命,shēngmìng ,N
生意,shēngyì ,N
生字,shēngzì ,N
省,shěng ,Vst
省錢,shěngqián ,Vs-sep
剩,shèng ,Vst
剩下,shèngxià ,Vpt
濕,shī ,Vs
失戀,shīliàn ,Vp
失去,shīqù ,Vpt
獅子,shīzi ,N
十分,shífēn ,Adv
石頭,shítou,N
石油,shíyóu ,N
時,shí ,N
時代,shídài ,N
時刻,shíkè ,N
實話,shíhuà ,N
實際,shíjì ,Vs
實力,shílì ,N
實行,shíxíng ,V
實在,shízài ,Vs
使得,shĭde ,Vst
使用,shǐyòng ,V
事實,shìshí ,N
事業,shìyè ,N
適應,shìyìng ,Vst
市長,shìzhăng ,N
收穫,shōuhuò ,N
收音機,shōuyīnjī ,N
熟,shóu ,Vs
首,shǒu,M
手套,shŏutào,N
手續,shŏuxù  ,N
受得了,shòudeliăo  ,Vst
書包,shūbāo,N
書架,shūjià ,N
蔬菜,shūcài ,N
舒適,shūshì ,Vs
叔叔,shúshu,N
熟悉,shúxī ,Vs
數,shŭ,V
數字,shùzì ,N
樹木,shùmù ,N
刷牙,shuāyá,V-sep
帥,shuài ,Vs
雙,shuāng ,Vs-attr
水餃,shuǐjiǎo ,N
水平,shuĭpíng ,N
水準,shuĭzhŭn ,N
睡著,shuìzháo ,Vp
順便,shùnbiàn ,Adv
順利,shùnlì ,Vs
說法,shuōfă ,N
說明,shuōmíng ,N
說明,shuōmíng ,V
說起來,shuōqĭlái ,Adv
思考,sīkăo ,V
思想,sīxiăng ,N
似乎,sìhū ,Adv
寺廟,sìmiào ,N
速度,sùdù ,N
算了,suànle ,Vs
隨便,suíbiàn,Vs
隨時,suíshí ,Adv
所,suǒ ,Ptc
所,suŏ ,M
所謂,suŏwèi  ,Vs-attr
它,tā ,N
它們,tāmen ,N
台,tái ,M
抬,tái ,V
颱風,táifēng ,N
態度,tàidù ,N
談話,tánhuà ,V-sep
堂,táng ,M
堂,táng,N
討厭,tǎoyàn,Vst
套,tào ,M
特地,tèdì ,Adv
特色,tèsè ,N
特殊,tèshū ,Vs
提,tí,V
提到,tídào ,Vpt
提高,tígāo ,V
提供,tígōng ,V
題材,tícái ,N
題目,tímù ,N
體會,tĭhuì ,Vst
體力,tĭlì ,N
體貼,tĭtiē ,Vst
體重,tĭzhòng ,N
替,tì ,Prep
天堂,tiāntáng ,N
天天,tiāntiān,Adv
天下,tiānxià ,N
田,tián ,N
填,tián ,V
甜點,tiándiăn ,N
條件,tiáojiàn ,N
挑戰,tiăozhàn ,V
貼,tiē ,V
鐵,tiě ,N
鐵路,tiělù ,N
聽見,tīngjiàn ,Vpt
聽力,tīnglì ,N
聽起來,tīngqĭlái ,Adv
聽眾,tīngzhòng ,N
挺,tĭng ,Adv
通,tōng ,Vs-pred
通過,tōngguò ,Vpt
通知,tōngzhī,N
同,tóng ,Det
同,tóng ,Prep
同情,tóngqíng  ,Vst
同時,tóngshí ,N
同樣,tóngyàng ,Adv
同樣,tóngyàng ,Vs-attr
痛苦,tòngkǔ ,Vs
投,tóu ,V
投資,tóuzī  ,V
頭,tóu ,Det
頭痛,tóutòng  ,Vs
圖,tú ,N
突然,túrán  ,Adv
土,tǔ ,N
土地,tǔdì ,N
兔子,tùzi ,N
團體,tuántǐ ,N
團圓,tuányuán ,Vs
推,tuī,V
推薦,tuījiàn ,V
推銷,tuīxiāo ,V
退步,tuìbù ,Vp
退休,tuìxiū ,Vp
脫,tuō ,V
娃娃(ㄨㄚ˙),wáwa ,N
外邊,wàibiān ,N
外公,wàigōng ,N
外婆,wàipó ,N
外文,wàiwén ,N
外語,wàiyǔ ,N
完成,wánchéng ,Vpt
完全,wánquán ,Adv
玩具,wánjù ,N
晚,wǎn ,Vs
萬一,wànyī ,Adv
網,wăng ,N
網路,wănglù ,N
往往,wăngwăng  ,Adv
忘記,wàngjì ,Vpt
維持,wéichí ,V
微笑,wéixiào ,Vi
為主,wéizhŭ ,Vs
偉大,wěidà ,Vs
為,wèi ,Prep
未來,wèilái ,N
位置,wèizhì ,N
位子,wèizi ,N
溫柔,wēnróu ,Vs
文件,wénjiàn ,N
文學,wénxué ,N
文字,wénzì ,N
聞,wén ,V
穩定,wěndìng ,Vs
問好,wènhăo ,Vi
問候,wènhòu ,V
握手,wòshǒu ,V-sep
屋子,wūzi ,N
無,wú ,Vs-attr
無法,wúfă ,Adv
無論如何,wúlùnrúhé ,Conj
無窮,wúqióng ,Vs
無所謂,wúsuŏwèi ,Vs
誤會,wùhuì ,N
物價,wùjià ,N
西北,xīběi ,N
西餐,xīcān ,N
西方,xīfāng ,N
西南,xīnán ,N
吸毒,xīdú ,V-sep
吸收,xīshōu ,V
吸引,xīyĭn ,Vst
犧牲,xīshēng ,Vpt
希望,xīwàng ,N
喜愛,xĭài ,Vst
細,xì ,Vs
細心,xìxīn  ,Vs
戲,xì ,N
戲劇,xìjù ,N
系統,xìtŏng  ,N
下,xià ,Det
下,xià ,M
下,xià ,N
下,xià ,V
下來(ㄌㄞ˙),xiàlai,Ptc
嚇,xià ,Vs-pred
嚇一跳,xiàyítiào  ,Vp
線,xiàn ,N
現代,xiàndài ,N
現代,xiàndài ,Vs
現實,xiànshí ,N
現實,xiànshí ,Vs
現象,xiànxiàng ,N
限制,xiànzhì ,N
相當,xiāngdāng ,Adv
相對,xiāngduì ,Vs-attr
相反,xiāngfăn ,Vs
相關,xiāngguān ,Vs
相同,xiāngtóng ,Vs
箱子,xiāngzi,N
香水,xiāngshuĭ,N
詳細,xiángxì ,Vs
響,xiǎng ,Vp
想到,xiăngdào ,Vpt
想法,xiǎngfǎ ,N
想像,xiăngxiàng ,N
想像,xiăngxiàng ,Vst
項,xiàng ,M
相機,xiàngjī ,N
相聲,xiàngshēng ,N
小吃,xiăochī ,N
小朋友,xiǎopéngyǒu ,N
小組,xiăozŭ ,N
效果,xiàoguŏ,N
笑話,xiàohuà,N
孝順,xiàoshùn ,Vs
協助,xiézhù ,V
血,xiě ,N
謝,xiè ,V
心得,xīndé ,N
心理,xīnlĭ ,N
心意,xīnyì ,N
欣賞,xīnshăng ,Vst
新生,xīnshēng ,N
信,xìn ,Vst
信箱,xìnxiāng ,N
信心,xìnxīn ,N
興奮,xīngfèn ,Vs
行,xíng,Vs
行動,xíngdòng ,N
行為,xíngwéi ,N
形容,xíngróng ,V
醒,xĭng ,Vp
醒來,xĭnglái ,Vp
姓,xìng ,N
性別,xìngbié ,N
性格,xìnggé ,N
幸好,xìnghăo ,Adv
幸虧,xìngkuī ,Adv
幸運,xìngyùn ,Vs
兇,xiōng ,Vs
兄弟,xiōngdì ,N
熊貓,xióngmāo ,N
修,xiū ,V
修改,xiūgăi ,V
修理,xiūlĭ  ,V
需求,xūqiú  ,N
需要,xūyào ,N
選,xuǎn ,V
選舉,xuănjŭ ,N
選擇,xuǎnzé ,N
選擇,xuǎnzé ,V
學會,xuéhuì ,Vpt
學問,xuéwèn ,N
尋找,xúnzhăo ,V
訓練,xùnliàn ,V
呀,yā ,Ptc
鴨(子),yā(zi) ,N
押金,yājīn ,N
牙,yá ,N
牙齒,yáchǐ ,N
煙火,yānhuŏ ,N
研究,yánjiù ,N
研究,yánjiù ,V
嚴重,yánzhòng ,Vs
演,yăn ,V
演出,yănchū ,V
演講,yănjiăng ,Vi
演員,yănyuán ,N
眼光,yănguāng ,N
眼淚,yănlèi ,N
陽光,yángguāng ,N
養,yăng ,V
樣,yàng ,M
樣樣,yàngyàng ,Det
邀請,yāoqĭng ,V
要求,yāoqiú ,N
要求,yāoqiú ,V
咬,yăo ,V
要,yào ,Vst
要不然,yàobùrán ,Conj
要不是,yàobúshì ,Conj
要緊,yàojǐn ,Vs
野餐,yěcān ,Vi
也好,yěhăo ,
頁,yè ,M
夜裡/裏,yèlǐ/lǐ ,N
夜市,yèshì ,N
一下子/一下子兒,yīxiàzi/yīxiàzir,N
衣櫃,yīguì ,N
依靠,yīkào ,V
一塊/一塊兒,yíkuài/yíkuàir,Adv
一切,yíqiè,Det
一向,yíxiàng ,Adv
一樣,yíyàng ,Vs
已,yĭ ,Adv
以,yĭ ,Prep
以後,yĭhòu,N
以來,yĭlái ,N
以免,yĭmiăn ,Conj
以內,yĭnèi ,N
以前,yĭqián,N
以上,yĭshàng ,N
以外,yĭwài ,N
以為,yǐwéi ,V
以下,yĭxià ,N
一般來說,yìbānláishuō ,
一點/一點兒,yìdiǎn/yìdiǎnr,Adv
一方面,yìfāngmiàn ,Conj
一連,yìlián ,Adv
一生,yìshēng ,N
一時,yìshí ,N
一同,yìtóng ,Adv
意見,yìjiàn ,N
意外,yìwài ,N
意義,yìyì ,N
陰,yīn ,Vs
因此,yīncǐ ,Conj
音響,yīnxiăng ,N
引起,yĭnqĭ,V
應,yīng ,Vaux
應該,yīnggāi ,Vaux
英俊,yīngjùn ,Vs
營養,yíngyăng ,N
影片,yĭngpiàn ,N
擁有,yŏngyŏu ,Vst
用,yòng,Prep
用法,yòngfă ,N
用功,yònggōng ,Vs
用品,yòngpĭn ,N
優點,yōudiăn ,N
優秀,yōuxiù ,Vs
幽默,yōumò ,Vs
郵票,yóupiào,N
尤其,yóuqí ,Adv
遊客,yóukè ,N
游泳池,yóuyŏngchí,N
由於,yóuyú ,Conj
有(一)點/有(一)點兒,yǒu(yì)diăn/yǒu(yì)diănr,Adv
有的,yǒude ,Det
有名,yǒumíng ,Vs
有錢,yǒuqián ,Vs
有效,yŏuxiào ,Vs
有意思,yǒuyìsi,Vs
友誼,yŏuyí ,N
於是,yúshì ,Conj
與,yǔ ,Conj
與,yǔ ,Prep
玉,yù ,N
玉米,yùmǐ ,N
預備,yùbèi ,V
預備,yùbèi ,V
預習,yùxí ,V
遇到,yùdào ,Vpt
圓,yuán ,N
員工,yuángōng ,N
原諒,yuánliàng ,Vst
原因,yuányīn ,N
願望,yuànwàng ,N
院子,yuànzi,N
約,yuē ,Adv
約會,yuēhuì ,N
約會,yuēhuì ,Vi
越,yuè ,Adv
月餅,yuèbĭng  ,N
閱讀,yuèdú ,V
樂團,yuètuán ,N
運氣,yùnqì ,N
在,zài ,Vst
在意,zàiyì ,Vst
在於,zàiyú ,Vst
早,zăo ,Adv
早日,zăorì ,Adv
早晚,zăowăn ,N
造成,zàochéng ,Vpt
噪音,zàoyīn ,N
責任,zérèn ,N
增加,zēngjiā ,Vpt
炸/炸,zhà/zhá ,V
摘,zhāi ,V
站,zhàn,N
暫時,zhànshí ,Adv
戰爭,zhànzhēng ,N
長,zhǎng,V
長大,zhǎngdà ,Vp
掌握,zhăngwò ,V
障礙,zhàngài ,N
招待,zhāodài ,V
招牌,zhāopái ,N
找錢,zhǎoqián ,V-sep
照,zhào ,Prep
照,zhào ,V
哲學,zhéxué ,N
這裏,zhèlĭ,N
這下子,zhèxiàzi ,N
這樣,zhèyàng,Vs
這樣子,zhèyàngzi ,Adv
這樣子,zhèyàngzi ,Vs
真的,zhēnde ,Adv
真理,zhēnlĭ,N
真實,zhēnshí ,Vs
真是,zhēnshì ,Adv
真心,zhēnxīn ,Vs
真正,zhēnzhèng ,Adv
真正,zhēnzhèng ,Vs-attr
珍貴,zhēnguì ,Vs
整,zhěng ,Det
整理,zhěnglĭ ,V
整齊,zhěngqí ,Vs
正,zhèng ,Adv
正常,zhèngcháng ,Vs
正確,zhèngquè ,Vs
正式,zhèngshì ,Vs
證明,zhèngmíng ,V
證書,zhèngshū ,N
支,zhī ,M
知,zhī ,Vst
知識,zhīshì ,N
之後,zhīhòu ,N
之間,zhījiān ,N
之前,zhīqián,N
直,zhí ,Vs
直到,zhídào ,Prep
值得,zhídé ,Vst
殖民地,zhímíndì ,N
植物,zhíwù ,N
職員,zhíyuán ,N
指,zhǐ ,V
只是,zhĭshì ,Conj
只要,zhǐyào ,Conj
只有,zhǐyǒu ,Adv
只有,zhĭyŏu ,Conj
制度,zhìdù ,N
智慧,zhìhuì ,N
至少,zhìshăo ,Adv
至於,zhìyú ,Prep
中,zhōng ,N
中部,zhōngbù ,N
中餐,zhōngcān ,N
終於,zhōngyú ,Adv
鐘,zhōng ,N
種,zhòng,V
重點,zhòngdiăn ,N
重視,zhòngshì ,Vst
周圍,zhōuwéi ,N
主動,zhŭdòng ,Vs
主婦,zhŭfù ,N
主管,zhŭguăn ,N
主人,zhǔrén ,N
主任,zhǔrèn ,N
主題,zhŭtí ,N
主要,zhǔyào ,Adv
主要,zhŭyào ,Vs-attr
主意,zhǔyì ,N
祝,zhù,V
祝福,zhùfú ,N
祝福,zhùfú ,V
助,zhù ,V
助理,zhùlĭ ,N
著名,zhùmíng ,Vs
抓,zhuā ,V
專心,zhuānxīn ,Vs
專業,zhuānyè ,Vs-attr
狀態,zhuàngtài ,N
追求,zhuīqiú ,V
準時,zhŭnshí ,Vs
著,zhuó ,V
資料,zīliào ,N
資源,zīyuán ,N
仔細,zĭxì ,Vs
自從,zìcóng ,Prep
自動,zìdòng ,Vs
自然,zìrán ,Vs
自殺,zìshā ,Vi
自信,zìxìn ,N
自由,zìyóu ,N
自由,zìyóu ,Vs
自在,zìzài ,Vs
宗教,zōngjiào ,N
總而言之,zǒngéryánzhī ,Conj
總算,zǒngsuàn ,Adv
總統,zǒngtǒng ,N
總之,zǒngzhī ,Conj
走走,zǒuzǒu ,Vi
組,zŭ ,M
祖父,zŭfù ,N
祖母,zŭmŭ ,N
祖先,zŭxiān ,N
嘴,zuǐ ,N
醉,zuì ,Vp
最初,zuìchū ,N
最多,zuìduō ,Adv
最好,zuìhǎo ,Adv
最後,zuìhòu ,N
最佳,zuìjiā ,Vs-attr
最近,zuìjìn,N
尊敬,zūnjìng ,Vst
作,zuò ,V
作品,zuòpĭn ,N
作者,zuòzhě ,N
座,zuò ,M
做/作法,zuòfă ,N
做夢,zuòmèng ,V-sep
做人,zuòrén ,Vi
做事,zuòshì ,Vi
